temperature,humidity,co2,temp_humidity
1.9166666666666643,-0.5999999999999979,1.833333333333334,0.6182572614107897
-0.33333333333333215,1.1999999999999993,-0.16666666666666607,0.20746887966805616
