temperature,humidity,co2,temp_humidity
0.5,0.6000000000000014,0.5,0.9336099585062243
1.0,0.0,1.0,0.0
0.0,1.0,0.0,0.7261410788381824
0.75,0.40000000000000213,0.3333333333333339,1.0
