{
    "MAE": 0.024052307010153484,
    "RMSE": 0.028682333155677323,
    "R2": 0.9957255883574204
}