{
    "MAE": 0.25571186740561025,
    "RMSE": 0.3487055871112719,
    "R2": 0.598031119065729
}