{
    "MAE": 0.3845000000000054,
    "RMSE": 0.3845393347890486,
    "R2": 0.5111719008264326
}